,Open,High,Low,Adj Close,Volume
0,145.05499267578125,145.8509979248047,143.71299743652344,144.9915008544922,28646000
1,145.39599609375,146.48500061035156,143.7165069580078,144.39950561523438,28400000
2,144.4199981689453,144.49949645996094,137.68800354003906,137.77499389648438,54618000
3,136.99850463867188,139.94000244140625,136.55850219726562,137.74749755859375,37348000
4,138.14549255371094,138.44850158691406,135.76649475097656,137.01699829101562,29760000
5,135.0780029296875,138.8195037841797,133.1645050048828,138.66949462890625,44408000
6,138.0070037841797,140.21600341796875,136.6925048828125,139.73599243164062,28730000
7,141.14999389648438,142.60800170898438,140.6945037841797,141.4304962158203,26108000
8,141.5399932861328,142.85000610351562,138.40899658203125,138.58700561523438,31436000
9,137.07899475097656,140.74200439453125,136.99850463867188,139.48049926757812,29662000
10,136.1750030517578,137.13150024414062,135.43850708007812,135.9980010986328,34872000
11,136.52349853515625,137.95950317382812,135.0155029296875,135.1165008544922,28648000
12,136.25,137.62600708007812,132.96449279785156,133.3074951171875,29908000
13,132.593505859375,134.86549377441406,130.0865020751953,130.35150146484375,55652000
14,125.97799682617188,131.2030029296875,124.5,130.8040008544922,76622000
15,128.74000549316406,129.3990020751953,126.50050354003906,126.93499755859376,46960000
16,131.11900329589844,133.0,127.14199829101562,129.23300170898438,49130000
17,131.3040008544922,132.65249633789062,128.9324951171875,129.0050048828125,31950000
18,129.65899658203125,133.35650634765625,128.48500061035156,133.3509979248047,34362000
19,134.16200256347656,135.47300720214844,132.20950317382812,135.30349731445312,39986000
20,137.59449768066406,137.79299926757812,134.36849975585938,137.6439971923828,68644000
21,151.25,151.54649353027344,145.5225067138672,148.0,123200000
22,145.70550537109375,149.6750030517578,142.66549682617188,143.08999633789062,71518000
23,143.4445037841797,144.875,140.51499938964844,143.29299926757812,57998000
24,144.25,144.25,138.89999389648438,139.2010040283203,54974000
25,139.02650451660156,140.0,137.01400756835938,139.3990020751953,54284000
26,140.9635009765625,142.52450561523438,140.18699645996094,141.5919952392578,40144000
27,139.70350646972656,141.4844970703125,137.95700073242188,138.6199951171875,39330000
28,138.60000610351562,139.156494140625,133.39999389648438,134.28250122070312,39958000
29,133.25650024414062,136.3000030517578,133.25650024414062,135.5260009765625,34302000
30,137.57049560546875,138.10850524902344,135.82150268554688,136.60850524902344,26680000
31,136.64649963378906,138.08599853515625,134.9239959716797,137.73800659179688,25022000
32,136.2429962158203,137.11349487304688,132.47850036621094,132.53900146484375,38950000
33,133.4669952392578,134.07000732421875,130.19650268554688,130.4029998779297,45620000
34,129.83799743652344,132.1804962158203,128.22349548339844,129.81350708007812,44990000
35,131.64849853515625,132.05099487304688,127.52749633789062,127.58799743652344,32786000
36,124.95349884033205,133.0,124.95349884033205,132.6909942626953,54456000
37,133.552001953125,135.27149963378906,131.75149536132812,134.45950317382812,36406000
38,133.0500030517578,135.75149536132812,132.59249877929688,135.0570068359375,38864000
39,134.8784942626953,136.2554931640625,133.218505859375,134.06149291992188,26496000
40,134.6280059814453,135.2624969482422,133.07150268554688,134.57150268554688,23520000
41,136.00999450683594,136.4394989013672,133.02549743652344,133.89950561523438,24604000
42,132.92750549316406,133.85150146484375,130.33749389648438,131.906494140625,30430000
43,131.48800659179688,131.73500061035156,126.29499816894533,126.37850189208984,45112000
44,126.25,131.25,125.67449951171876,127.10449981689452,40428000
45,131.25,133.73550415039062,129.90049743652344,133.4199981689453,37026000
46,131.26600646972656,133.27200317382812,130.91250610351562,132.42950439453125,27102000
47,133.48849487304688,133.79550170898438,129.63150024414062,129.87049865722656,31526000
48,130.25,130.40899658203125,125.2750015258789,125.95099639892578,38812000
49,126.97599792480467,129.85450744628906,125.72049713134766,129.197998046875,30920000
50,130.73300170898438,133.33299255371094,128.7344970703125,133.28050231933594,35576000
51,133.1490020751953,134.08050537109375,132.18499755859375,133.83900451660156,28264000
52,133.42449951171875,136.24400329589844,132.2584991455078,136.12550354003906,44566000
53,136.1634979248047,137.0500030517578,134.09249877929688,136.10150146484375,26832000
54,136.10150146484375,141.0500030517578,136.10150146484375,139.8679962158203,35496000
55,138.70249938964844,139.5885009765625,137.8350067138672,138.27549743652344,25154000
56,139.1999969482422,141.61900329589844,137.75050354003906,141.57200622558594,26396000
57,141.91600036621094,142.03500366210938,139.7375030517578,141.67300415039062,24126000
58,140.90049743652344,142.00250244140625,139.81149291992188,141.45550537109375,35050000
59,142.6475067138672,143.7935028076172,142.0384979248047,142.5054931640625,34318000
60,142.4600067138672,142.7205047607422,141.60000610351562,141.93850708007812,19884000
61,142.05299377441406,142.10800170898438,139.02450561523438,139.0675048828125,37524000
62,139.5,140.4709930419922,138.3074951171875,140.15049743652344,25942000
63,140.35850524902344,143.71200561523438,140.3105010986328,142.97149658203125,25942000
64,142.86900329589844,142.99049377441406,140.38250732421875,140.59100341796875,21418000
65,138.75,139.36050415039062,135.51699829101562,136.54800415039062,32468000
66,136.00999450683594,137.1645050048828,134.2274932861328,135.8885040283203,26234000
67,135.58349609375,135.6699981689453,132.9654998779297,133.28750610351562,25142000
68,131.82350158691406,132.09249877929688,128.6685028076172,128.82350158691406,36884000
69,131.60000610351562,131.60000610351562,126.78900146484376,127.7145004272461,32710000
70,128.0,130.33399963378906,127.74099731445312,129.8939971923828,27928000
71,130.47950744628906,130.47950744628906,126.60099792480467,126.7300033569336,31598000
72,127.0,128.21249389648438,126.18199920654295,127.67649841308594,20808000
73,127.69149780273438,130.33299255371094,126.99949645996094,130.00900268554688,26490000
74,130.89199829101562,131.3990020751953,127.5,128.0399932861328,31696000
75,129.25,130.09849548339844,124.52649688720705,124.8144989013672,36446000
76,125.0,125.4020004272461,118.9250030517578,119.635498046875,56884000
77,119.10099792480467,123.27749633789062,118.51100158691406,123.0739974975586,46128000
78,122.29450225830078,122.51000213623048,118.51100158691406,118.6500015258789,73054000
79,114.46949768066406,117.24199676513672,112.73650360107422,114.29450225830078,91820000
80,116.41500091552734,119.64949798583984,114.11499786376952,118.52249908447266,48884000
81,116.7344970703125,117.91999816894533,113.8144989013672,114.1094970703125,42676000
82,113.40499877929688,116.74549865722656,112.5999984741211,116.58300018310548,35534000
83,116.43049621582033,118.44200134277344,116.03450012207033,117.33399963378906,24968000
84,117.03150177001952,122.85449981689452,115.11599731445312,122.26100158691406,49916000
85,120.2040023803711,121.03900146484376,115.00550079345705,116.50550079345705,45840000
86,115.18450164794922,117.57150268554688,114.0155029296875,115.74649810791016,39710000
87,113.25,115.0770034790039,112.00050354003906,112.51100158691406,40802000
88,115.50749969482422,116.25,112.90049743652344,114.3949966430664,39900000
89,113.23650360107422,116.364501953125,113.23650360107422,113.60250091552734,37534000
90,111.37750244140624,114.29499816894533,109.82450103759766,112.84400177001952,53836000
91,114.53299713134766,117.875,113.6050033569336,116.05049896240234,35038000
92,114.95549774169922,116.16999816894533,113.8895034790039,114.44499969482422,25990000
93,116.84049987792967,116.9000015258789,114.87000274658205,116.4729995727539,23054000
94,115.0,115.4000015258789,111.55549621582033,111.89949798583984,35126000
95,111.43150329589844,113.01000213623048,110.0,110.38400268554688,34144000
96,111.95099639892578,112.18350219726562,105.79650115966795,108.90799713134766,48962000
97,109.5875015258789,112.14749908447266,108.74099731445312,111.48799896240234,37184000
98,105.77200317382812,106.45850372314452,101.8844985961914,105.97000122070312,76780000
99,104.9854965209961,106.5,103.85649871826172,105.80500030517578,40258000
100,105.677001953125,108.64949798583984,105.2249984741211,107.7925033569336,37948000
101,109.48300170898438,112.31800079345705,109.13849639892578,112.31649780273438,37914000
102,112.74649810791016,115.73500061035156,112.07849884033205,113.76200103759766,50012000
103,114.8550033569336,117.10150146484376,113.25,113.89199829101562,36606000
104,114.0,117.89949798583984,112.94650268554688,117.62249755859376,37992000
105,116.0625,116.32150268554688,113.51850128173828,114.54100036621094,26136000
106,116.70449829101562,119.34700012207033,116.16400146484376,116.82050323486328,33542000
107,115.48049926757812,117.69100189208984,115.052001953125,117.14949798583984,31590000
108,116.7614974975586,118.57050323486328,116.5999984741211,117.19400024414062,26108000
109,116.32749938964844,118.29900360107422,114.7760009765625,114.83550262451172,25798000
110,112.44499969482422,113.27899932861328,110.36599731445312,111.1614990234375,41452000
111,106.7864990234375,108.79149627685548,106.11900329589844,106.39250183105467,47252000
112,106.53500366210938,107.92449951171876,105.8000030517578,106.71549987792967,33706000
113,108.54499816894533,111.42350006103516,107.66950225830078,109.7645034790039,39698000
114,107.22100067138672,108.64849853515624,105.13800048828124,106.03350067138672,51684000
115,106.03350067138672,108.69950103759766,105.0459976196289,107.14350128173828,51376000
116,108.92949676513672,112.489501953125,108.5999984741211,111.54399871826172,47416000
117,110.55650329589844,113.34649658203124,110.38249969482422,111.4875030517578,30774000
118,112.23149871826172,112.74250030517578,110.50050354003906,112.24199676513672,28362000
119,112.99500274658205,118.0790023803711,112.95249938964844,117.9749984741211,41164000
120,118.27300262451172,118.57949829101562,115.17949676513672,115.83350372314452,36420000
121,115.80249786376952,117.30950164794922,111.8479995727539,112.00749969482422,35792000
122,111.552001953125,113.1604995727539,110.87249755859376,111.70149993896484,24716000
123,110.0,110.88800048828124,106.75,108.96299743652344,43170000
124,107.93299865722656,109.25,106.73049926757812,108.7375030517578,35476000
125,107.10050201416016,113.3769989013672,105.73149871826172,113.26300048828124,39342000
126,113.302001953125,115.5895004272461,111.47599792480467,114.5719985961914,37432000
127,115.08000183105467,119.1894989013672,114.83350372314452,118.78299713134766,40936000
128,117.25,119.68499755859376,116.90149688720705,119.35350036621094,38238000
129,117.9980010986328,117.9980010986328,115.33049774169922,115.67649841308594,31196000
130,116.21499633789062,116.9739990234375,113.69000244140624,114.02050018310548,29960000
131,111.70099639892578,114.1959991455078,111.20149993896484,111.35350036621094,43722000
132,110.21050262451172,111.09300231933594,108.3730010986328,110.36750030517578,37004000
133,112.00050354003906,113.1405029296875,110.9000015258789,111.77749633789062,46770000
134,112.63999938964844,113.68000030517578,108.37000274658205,109.02999877929688,43164600
135,110.8499984741211,114.0199966430664,109.55999755859376,113.80999755859376,36530900
136,113.16999816894533,115.4000015258789,112.4800033569336,113.9000015258789,35600400
137,114.27999877929688,114.5500030517578,111.11000061035156,114.33999633789062,32676200
138,111.0,112.33999633789062,106.5,107.9000015258789,48901200
139,108.41000366210938,109.87000274658205,106.3000030517578,107.51000213623048,34690900
140,106.5999984741211,107.1999969482422,104.06999969482422,105.0199966430664,47991000
141,109.26000213623048,113.91000366210938,108.01000213623048,113.05999755859376,59858500
142,112.37000274658205,114.33999633789062,111.45999908447266,114.22000122070312,32816600
143,113.08000183105467,116.70999908447266,113.05999755859376,116.31999969482422,37223400
144,115.3000030517578,116.72000122070312,114.33999633789062,114.86000061035156,26034300
145,114.0,116.3499984741211,113.72000122070312,115.12999725341795,20236000
146,115.70999908447266,118.62000274658205,115.4800033569336,118.08000183105467,28499000
147,117.4800033569336,118.77999877929688,116.88999938964844,118.19000244140624,21602900
148,116.2300033569336,118.11000061035156,116.0,117.47000122070312,19159500
149,118.38999938964844,120.1500015258789,116.87999725341795,117.3000030517578,19138300
150,117.13999938964844,117.31999969482422,115.70999908447266,116.62999725341795,19086500
151,118.77999877929688,120.91999816894533,118.41000366210938,119.6999969482422,30930400
152,121.27999877929688,121.48999786376952,118.55999755859376,118.83999633789062,24293700
153,120.26000213623048,121.68000030517578,119.45999908447266,121.68000030517578,19096300
154,121.12999725341795,122.3000030517578,120.61000061035156,122.08000183105467,19494800
155,121.5199966430664,122.43000030517578,120.63999938964844,121.6999969482422,19041200
156,120.12000274658205,121.29000091552734,119.37999725341795,119.5500030517578,22847000
157,119.43000030517578,120.81999969482422,118.72000122070312,120.16999816894533,17987700
158,119.05999755859376,119.1500015258789,116.76000213623048,117.20999908447266,21809500
159,115.1999969482422,115.62999725341795,113.8499984741211,114.23999786376952,21456600
160,113.4800033569336,115.01000213623048,113.43000030517578,113.86000061035156,15870400
161,113.5,114.77999877929688,112.87000274658205,113.69000244140624,17734600
162,114.23999786376952,116.72000122070312,114.11000061035156,116.6500015258789,16956800
163,114.72000122070312,115.12000274658205,110.19000244140624,110.33999633789062,37245700
164,109.98999786376952,110.9499969482422,108.8000030517578,109.41999816894533,21191200
165,110.16999816894533,110.5,107.8000030517578,108.94000244140624,27513300
166,110.6500015258789,110.8499984741211,108.12999725341795,108.22000122070312,28627000
167,108.27999877929688,110.4499969482422,107.36000061035156,109.73999786376952,28360900
168,110.58999633789062,110.73999786376952,107.26000213623048,107.8499984741211,24160700
169,107.3000030517578,108.02999877929688,105.77999877929688,106.80999755859376,25068300
170,107.05999755859376,109.9800033569336,106.9000015258789,109.4499969482422,23167000
171,108.04000091552734,109.5999984741211,107.16000366210938,108.37999725341795,24238300
172,109.06999969482422,110.98999786376952,109.0199966430664,110.6500015258789,23197700
173,110.98999786376952,111.62000274658205,109.93000030517578,110.86000061035156,22966800
174,107.8000030517578,108.3000030517578,104.08999633789062,104.31999969482422,38172900
175,104.56999969482422,105.27999877929688,103.66000366210938,105.0,26395100
176,104.02999877929688,105.2699966430664,102.3499984741211,102.91000366210938,34188300
177,102.06999969482422,103.12999725341795,100.94000244140624,102.8000030517578,42797200
178,101.75,103.33000183105467,101.5500030517578,103.06999969482422,23036800
179,102.08000183105467,102.37000274658205,100.5199966430664,101.13999938964844,26517100
180,101.66999816894533,102.87999725341795,99.2699966430664,99.27999877929688,31487300
181,98.81999969482422,101.23999786376952,98.79000091552734,100.13999938964844,34298600
182,99.62999725341795,99.66000366210938,97.47000122070312,98.73999786376952,31625400
183,98.0999984741211,99.87999725341795,97.8000030517578,98.16999816894533,27072700
184,99.43000030517578,100.0,96.87000274658205,97.5,30072800
185,97.6500015258789,100.6999969482422,97.11000061035156,100.0500030517578,32466300
186,98.63999938964844,98.63999938964844,95.95999908447266,97.41999816894533,31047200
187,97.0500030517578,98.9000015258789,95.55999755859376,95.6500015258789,32941500
188,96.76000213623048,99.29000091552734,96.5199966430664,98.63999938964844,27982000
189,100.44000244140624,101.83999633789062,100.37999725341795,101.63999938964844,28850800
190,99.83000183105467,101.93000030517578,98.8000030517578,101.43000030517578,22176900
